{"files":{"welcome_logo-d36c779df91cbcdaf5a3fd44fc4ce057.png":{"logical_path":"welcome_logo.png","mtime":"2014-11-09T10:40:02+05:30","size":19156,"digest":"d36c779df91cbcdaf5a3fd44fc4ce057"},"application-046b03c5ce4c0af15325d713935e991d.js":{"logical_path":"application.js","mtime":"2014-11-09T10:32:34+05:30","size":438113,"digest":"046b03c5ce4c0af15325d713935e991d"},"application-178b07a636a91d19f7be137b25c00d9e.css":{"logical_path":"application.css","mtime":"2014-11-11T23:43:14+05:30","size":403600,"digest":"178b07a636a91d19f7be137b25c00d9e"},"modernizr-dcffc59db9410ad4452e250a2468c026.js":{"logical_path":"modernizr.js","mtime":"2014-11-08T23:33:18+05:30","size":51365,"digest":"dcffc59db9410ad4452e250a2468c026"},"bootstrap/glyphicons-halflings-regular-877048a3768657718297d000ccf273bf.eot":{"logical_path":"bootstrap/glyphicons-halflings-regular.eot","mtime":"2014-11-08T23:30:26+05:30","size":20335,"digest":"877048a3768657718297d000ccf273bf"},"bootstrap/glyphicons-halflings-regular-6731bddd719229b91c6dc365c1ce079d.svg":{"logical_path":"bootstrap/glyphicons-halflings-regular.svg","mtime":"2014-11-08T23:30:26+05:30","size":62926,"digest":"6731bddd719229b91c6dc365c1ce079d"},"bootstrap/glyphicons-halflings-regular-0469ae5f3922b0c686b73377e1a5c267.ttf":{"logical_path":"bootstrap/glyphicons-halflings-regular.ttf","mtime":"2014-11-08T23:30:26+05:30","size":41280,"digest":"0469ae5f3922b0c686b73377e1a5c267"},"bootstrap/glyphicons-halflings-regular-73ce81420fe4f29d4fde2742eade76f3.woff":{"logical_path":"bootstrap/glyphicons-halflings-regular.woff","mtime":"2014-11-08T23:30:26+05:30","size":23320,"digest":"73ce81420fe4f29d4fde2742eade76f3"},"font-awesome/fontawesome-webfont-c13664c94babc30b51b386a81f2f8ed0.eot":{"logical_path":"font-awesome/fontawesome-webfont.eot","mtime":"2014-11-08T23:32:44+05:30","size":56006,"digest":"c13664c94babc30b51b386a81f2f8ed0"},"font-awesome/fontawesome-webfont-8d9b919ec33bd88ce8eece712f04322d.svg":{"logical_path":"font-awesome/fontawesome-webfont.svg","mtime":"2014-11-08T23:32:44+05:30","size":287007,"digest":"8d9b919ec33bd88ce8eece712f04322d"},"font-awesome/fontawesome-webfont-01bff5fb408ce1e8243dc3272ca556e2.ttf":{"logical_path":"font-awesome/fontawesome-webfont.ttf","mtime":"2014-11-08T23:32:44+05:30","size":112160,"digest":"01bff5fb408ce1e8243dc3272ca556e2"},"font-awesome/fontawesome-webfont-a39679748b9c7dd2adc317c7e224e7f4.woff":{"logical_path":"font-awesome/fontawesome-webfont.woff","mtime":"2014-11-08T23:32:44+05:30","size":65452,"digest":"a39679748b9c7dd2adc317c7e224e7f4"}},"assets":{"welcome_logo.png":"welcome_logo-d36c779df91cbcdaf5a3fd44fc4ce057.png","application.js":"application-046b03c5ce4c0af15325d713935e991d.js","application.css":"application-178b07a636a91d19f7be137b25c00d9e.css","modernizr.js":"modernizr-dcffc59db9410ad4452e250a2468c026.js","bootstrap/glyphicons-halflings-regular.eot":"bootstrap/glyphicons-halflings-regular-877048a3768657718297d000ccf273bf.eot","bootstrap/glyphicons-halflings-regular.svg":"bootstrap/glyphicons-halflings-regular-6731bddd719229b91c6dc365c1ce079d.svg","bootstrap/glyphicons-halflings-regular.ttf":"bootstrap/glyphicons-halflings-regular-0469ae5f3922b0c686b73377e1a5c267.ttf","bootstrap/glyphicons-halflings-regular.woff":"bootstrap/glyphicons-halflings-regular-73ce81420fe4f29d4fde2742eade76f3.woff","font-awesome/fontawesome-webfont.eot":"font-awesome/fontawesome-webfont-c13664c94babc30b51b386a81f2f8ed0.eot","font-awesome/fontawesome-webfont.svg":"font-awesome/fontawesome-webfont-8d9b919ec33bd88ce8eece712f04322d.svg","font-awesome/fontawesome-webfont.ttf":"font-awesome/fontawesome-webfont-01bff5fb408ce1e8243dc3272ca556e2.ttf","font-awesome/fontawesome-webfont.woff":"font-awesome/fontawesome-webfont-a39679748b9c7dd2adc317c7e224e7f4.woff"}}